knot_scale,knot_y,knot_f,cord_radius,profile_presence,frontal_restraint,tissue_grip,knot_open_margin,clearance_margin,knot_hug_margin,knot_on_skin_margin,cheek_margin,ala_top_margin,tail_low_margin,pair_gap_margin,neck_margin,cord_margin,bed_area_margin
1.4763,2.2498,0.6938,0.4011,76.154,-99.067,57.847,-0.0365,-0.0500,-0.4797,-0.0329,-0.2376,-1.5523,-0.7285,-1.2027,-0.0011,-0.0021,-1.3724
1.6649,2.6469,0.7567,0.4563,93.543,-132.282,66.593,-0.0838,-0.0500,-0.4645,-0.0329,-0.1144,-0.4618,-0.5051,-1.0923,-0.0563,-0.1126,-3.5126
1.4874,2.2673,0.6751,0.4000,77.112,-96.020,57.681,-0.0924,-0.0500,-0.4842,-0.0329,-0.0040,-1.4911,-0.6872,-1.2048,-0.0000,-0.0000,-1.3306
1.6651,2.7540,0.7570,0.4523,92.544,-130.720,65.957,-0.1302,-0.0500,-0.4622,-0.0329,-0.1238,-0.3583,-0.7275,-1.1003,-0.0523,-0.1046,-3.3607
1.5828,2.6460,0.7312,0.4228,83.649,-113.646,61.284,-0.1494,-0.0500,-0.4667,-0.0329,-0.0980,-0.7961,-0.7723,-1.1593,-0.0228,-0.0455,-2.2275
1.6430,2.6407,0.7490,0.4389,89.494,-124.941,63.847,-0.1847,-0.0500,-0.4602,-0.0329,-0.1140,-0.5837,-0.5945,-1.1269,-0.0389,-0.0779,-2.8529
1.4990,2.7036,0.7015,0.4109,78.105,-104.706,59.401,-0.0131,-0.0500,-0.4726,-0.0378,-0.1662,-1.0119,-0.9784,-1.1831,-0.0109,-0.0217,-1.7616
1.6536,2.6348,0.7491,0.4202,86.947,-120.521,60.871,-0.4243,-0.0500,-0.4659,-0.0329,-0.1235,-0.6193,-0.5415,-1.1645,-0.0202,-0.0403,-2.1259
1.5831,2.6732,0.7286,0.4067,81.222,-108.995,58.747,-0.3183,-0.0500,-0.4707,-0.0329,-0.0202,-0.8158,-0.8210,-1.1913,-0.0067,-0.0135,-1.5982
1.5829,2.1781,0.7312,0.4148,83.155,-112.179,60.016,-0.2316,-0.0500,-0.4726,-0.0280,-0.1102,-1.2960,-0.0109,-1.1753,-0.0148,-0.0295,-1.9145
1.6192,2.6639,0.7490,0.4370,87.428,-122.567,63.541,-0.1223,-0.0500,-0.4572,-0.0329,-0.2072,-0.6323,-0.7310,-1.1308,-0.0370,-0.0740,-2.7787
1.6522,2.7524,0.7506,0.4540,92.022,-128.968,66.229,-0.0696,-0.0500,-0.4561,-0.0329,-0.0686,-0.3897,-0.7394,-1.0969,-0.0540,-0.1080,-3.4257
1.6535,2.7885,0.7491,0.4169,86.068,-118.647,60.356,-0.4602,-0.0500,-0.4655,-0.0329,-0.1255,-0.4638,-0.8287,-1.1710,-0.0169,-0.0338,-1.9987
1.6393,2.6411,0.7508,0.4252,86.893,-121.429,61.667,-0.3105,-0.0500,-0.4641,-0.0329,-0.1902,-0.6374,-0.6595,-1.1545,-0.0252,-0.0504,-2.3217
1.4964,2.0625,0.6942,0.4045,78.247,-102.250,58.393,-0.0673,-0.0500,-0.4814,-0.0305,-0.1768,-1.6758,-0.3840,-1.1958,-0.0045,-0.0090,-1.5095
1.5828,2.6460,0.7312,0.4268,84.271,-114.670,61.926,-0.1120,-0.0500,-0.4660,-0.0329,-0.0911,-0.7833,-0.7670,-1.1512,-0.0268,-0.0536,-2.3851
1.5189,2.1964,0.7151,0.4116,79.283,-106.079,59.518,-0.0632,-0.0500,-0.4776,-0.0280,-0.0105,-1.4548,-0.2255,-1.1816,-0.0116,-0.0232,-1.7906
1.6530,2.7524,0.7506,0.4340,88.812,-123.586,63.070,-0.2678,-0.0500,-0.4618,-0.0329,-0.1150,-0.4505,-0.7630,-1.1367,-0.0340,-0.0681,-2.6644
1.6523,2.6624,0.7527,0.4424,90.711,-126.972,64.387,-0.1808,-0.0500,-0.4626,-0.0329,-0.1309,-0.5240,-0.6250,-1.1201,-0.0424,-0.0847,-2.9835
1.5846,2.6460,0.7312,0.4315,85.154,-116.058,62.675,-0.0714,-0.0500,-0.4653,-0.0329,-0.0829,-0.7633,-0.7556,-1.1417,-0.0315,-0.0631,-2.5681
1.6535,2.4040,0.7483,0.4091,85.482,-117.368,59.120,-0.5555,-0.0500,-0.4694,-0.0280,-0.1317,-0.9011,-0.2276,-1.1866,-0.0091,-0.0182,-1.6914
1.4874,2.2673,0.6748,0.4006,77.200,-96.115,57.775,-0.0863,-0.0500,-0.4843,-0.0329,-0.0000,-1.4888,-0.6855,-1.2036,-0.0006,-0.0012,-1.3543
1.6493,2.6620,0.7527,0.4404,90.140,-126.274,64.075,-0.1902,-0.0500,-0.4632,-0.0329,-0.1592,-0.5390,-0.6470,-1.1241,-0.0404,-0.0808,-2.9080
1.4874,2.1318,0.6939,0.4048,77.563,-101.219,58.436,-0.0375,-0.0500,-0.4824,-0.0329,-0.1977,-1.6292,-0.5306,-1.1952,-0.0048,-0.0096,-1.5205
1.6530,2.4040,0.7446,0.4135,86.299,-117.872,59.814,-0.4997,-0.0500,-0.4666,-0.0280,-0.0037,-0.8883,-0.2070,-1.1779,-0.0135,-0.0270,-1.8641
1.6790,2.5667,0.7508,0.4172,87.982,-122.397,60.399,-0.5605,-0.0500,-0.4712,-0.0305,-0.0004,-0.6303,-0.4246,-1.1705,-0.0172,-0.0343,-2.0092
1.5611,1.9712,0.7004,0.4026,84.598,-111.633,58.092,-0.3180,-0.0500,-0.4710,-0.0061,-0.0265,-1.6072,-0.0210,-1.1996,-0.0026,-0.0052,-1.4341
1.5609,2.4688,0.7294,0.4089,80.396,-109.718,59.089,-0.2163,-0.0500,-0.4712,-0.0305,-0.1657,-1.0802,-0.6037,-1.1870,-0.0089,-0.0178,-1.6838
1.5739,2.1148,0.7004,0.4026,82.643,-108.115,58.092,-0.3737,-0.0500,-0.4864,-0.0305,-0.0133,-1.4305,-0.2174,-1.1996,-0.0026,-0.0052,-1.4341
1.5246,2.4695,0.7318,0.4185,79.848,-110.466,60.617,-0.0058,-0.0500,-0.4650,-0.0329,-0.3190,-1.1476,-0.7084,-1.1677,-0.0185,-0.0371,-2.0630
1.5845,2.6460,0.7312,0.4315,85.146,-116.052,62.675,-0.0710,-0.0500,-0.4653,-0.0329,-0.0831,-0.7636,-0.7560,-1.1417,-0.0315,-0.0631,-2.5681
1.6323,2.5106,0.7499,0.4488,90.310,-128.308,65.407,-0.0570,-0.0500,-0.4584,-0.0305,-0.1332,-0.7231,-0.4605,-1.1072,-0.0488,-0.0976,-3.2291
1.6323,2.4554,0.7491,0.4500,90.588,-128.891,65.590,-0.0428,-0.0500,-0.4565,-0.0305,-0.1184,-0.7785,-0.3550,-1.1049,-0.0500,-0.0999,-3.2728
1.4859,2.2498,0.6938,0.4011,76.594,-99.520,57.847,-0.0653,-0.0500,-0.4813,-0.0329,-0.2120,-1.5267,-0.7022,-1.2027,-0.0011,-0.0021,-1.3724
1.5189,2.1964,0.7154,0.4130,79.453,-106.467,59.744,-0.0466,-0.0500,-0.4771,-0.0280,-0.0086,-1.4505,-0.2250,-1.1787,-0.0130,-0.0261,-1.8468
1.5861,2.6737,0.7286,0.4087,81.515,-109.635,59.059,-0.3081,-0.0500,-0.4706,-0.0329,-0.0166,-0.8008,-0.8103,-1.1874,-0.0087,-0.0174,-1.6764
1.4859,2.0398,0.6938,0.4044,77.683,-101.674,58.377,-0.0362,-0.0500,-0.4818,-0.0305,-0.2029,-1.7268,-0.3816,-1.1960,-0.0044,-0.0088,-1.5056
1.5611,2.1148,0.7004,0.4026,81.842,-107.116,58.092,-0.3183,-0.0500,-0.4896,-0.0305,-0.0251,-1.4646,-0.2619,-1.1996,-0.0026,-0.0052,-1.4341
1.6530,2.6994,0.7506,0.4473,91.233,-127.600,65.169,-0.1313,-0.0500,-0.4586,-0.0329,-0.0931,-0.4660,-0.6719,-1.1102,-0.0473,-0.0946,-3.1718
1.6431,2.6482,0.7476,0.4335,88.637,-123.168,62.980,-0.2344,-0.0500,-0.4607,-0.0329,-0.1048,-0.5923,-0.6158,-1.1379,-0.0335,-0.0670,-2.6426
